Res.Df,RSS,Df,Sum of Sq,F,Pr(>F)
9,2287.35586071478,,,,
8,2132.64071462689,1,154.715146087886,0.580370223739083,0.468029189375255
