Df,Sum Sq,Mean Sq,F value,Pr(>F)
1,5069.80896297246,5069.80896297246,19.0179580768603,0.00240954351768266
1,50.4266939506174,50.4266939506174,0.189161516442078,0.675109656757766
1,731.48720583728,731.48720583728,2.7439678922767,0.136213140197054
1,108.944899535828,108.944899535828,0.408676056078723,0.540510898859211
8,2132.64071462689,266.580089328361,,
