Res.Df,RSS,Df,Sum of Sq,F,Pr(>F)
9,2648.35802932494,,,,
8,2132.64071462689,1,515.717314698046,1.93456801667888,0.201723495059183
