Res.Df,RSS,Df,Sum of Sq,F,Pr(>F)
9,2287.35586071478,,,,
8,2132.64071462689,1,154.715146087888,0.580370223739089,0.468029189375253
