Res.Df,RSS,Df,Sum of Sq,F,Pr(>F)
10,2799.07458457138,,,,
8,2132.64071462689,2,666.433869944488,1.24996932746092,0.336986808837026
