Res.Df,RSS,Df,Sum of Sq,F,Pr(>F)
46,216811.93538709,,,,
45,48123.8961502226,1,168688.039236868,157.737888511006,2.60655875329655e-16
